Time,Motor Vel,Engine Vel,Motor-Engine Vel,Current
1699223266.359986,0.007629394996911287,0.0,0.007629394996911287,0.0013670017942786217
1699223266.365031,0.015258795581758022,0.0,0.015258795581758022,0.0006098842131905258
1699223266.374715,-0.02288818545639515,0.0,-0.02288818545639515,0.00041479201172478497
1699223266.380018,0.0,0.0,0.0,0.0004271945799700916
1699223266.385667,0.015258791856467724,0.0,0.015258791856467724,0.0014020063681527972
1699223266.395644,-0.02288818545639515,0.0,-0.02288818545639515,0.0006575515144504607
1699223266.401022,-0.015258789993822575,0.0,-0.015258789993822575,0.00039094590465538204
1699223266.410557,0.02288818545639515,0.0,0.02288818545639515,0.0032902087550610304
1699223266.4202933,-0.02288818545639515,0.0,-0.02288818545639515,0.0007267493638209999
1699223266.4297712,0.03814697498455644,0.0,0.03814697498455644,0.004528790712356567
1699223266.439018,-0.022888185922056437,0.0,-0.022888185922056437,0.00039869805914349854
1699223266.449013,0.0305175818502903,0.0,0.0305175818502903,0.0017257726285606623
1699223266.458132,-0.02288818545639515,0.0,-0.02288818545639515,0.0009680815855972469
1699223266.467613,0.0,0.0,0.0,0.0005443710251711309
1699223266.476146,0.03051758138462901,0.0,0.03051758138462901,0.003886903403326869
1699223266.4811552,-0.0610351599752903,0.0,-0.0610351599752903,0.0003028248611371964
1699223266.486259,0.03051757998764515,0.0,0.03051757998764515,0.0005300237680785358
1699223266.4959881,0.0305175818502903,0.0,0.0305175818502903,0.004105538595467806
1699223266.5052521,-0.03051758138462901,0.0,-0.03051758138462901,0.00021990711684338748
1699223266.513611,0.02288818685337901,0.0,0.02288818685337901,0.0023396541364490986
1699223266.5189483,-0.0457763709127903,0.0,-0.0457763709127903,2.034870885836426e-05
1699223266.5277362,0.0,0.0,0.0,0.0013217527884989977
1699223266.533153,0.015258791856467724,0.0,0.015258791856467724,0.001250611268915236
1699223266.542834,-0.03051758138462901,0.0,-0.03051758138462901,0.00014919885143171996
1699223266.5521472,-0.015258789528161287,0.0,-0.015258789528161287,0.0017953237984329462
1699223266.5616243,0.007629394065588713,0.0,0.007629394065588713,0.001104530063457787
1699223266.567047,0.0457763709127903,0.0,0.0457763709127903,0.0022985367104411125
1699223266.5766642,-0.007629394996911287,0.0,-0.007629394996911287,0.0003855933027807623
1699223266.582238,0.0,0.0,0.0,0.0016738352132961154
1699223266.5874922,0.0,0.0,0.0,0.0013608152512460947
1699223266.596544,-0.01525879092514515,0.0,-0.01525879092514515,4.276191248209216e-05
1699223266.605608,0.03051757998764515,0.0,0.03051757998764515,0.004467658698558807
1699223266.615668,-0.007629394996911287,0.0,-0.007629394996911287,0.000619832833763212
1699223266.62518,0.015258790459483862,0.0,0.015258790459483862,0.0028182354290038347
1699223266.6302931,0.0,0.0,0.0,0.0003763302811421454
1699223266.6356392,-0.0305175818502903,0.0,-0.0305175818502903,-0.00017223601753357798
1699223266.64577,0.0381469763815403,0.0,0.0381469763815403,0.005048164166510105
1699223266.655623,-0.022888185922056437,0.0,-0.022888185922056437,0.0003267713764216751
1699223266.665033,0.015258789993822575,0.0,0.015258789993822575,0.0022974389139562845
1699223266.6701272,0.0,0.0,0.0,-0.0003850964712910354
1699223266.6796513,-0.03051758138462901,0.0,-0.03051758138462901,0.0013339450815692544
1699223266.685486,0.015258791856467724,0.0,0.015258791856467724,0.0011433508479967713
1699223266.6910741,0.0,0.0,0.0,0.00030261542997322977
1699223266.697693,-0.015258791856467724,0.0,-0.015258791856467724,0.0006299134693108499
1699223266.7045372,0.0457763709127903,0.0,0.0457763709127903,0.003384657669812441
1699223266.7110982,0.0,0.0,0.0,0.0005038132658228278
1699223266.716275,-0.0457763709127903,0.0,-0.0457763709127903,-0.00041589466854929924
1699223266.725969,0.01525879092514515,0.0,0.01525879092514515,0.0021450563799589872
1699223266.730977,0.0,0.0,0.0,0.001001648255623877
1699223266.7359831,-0.0457763709127903,0.0,-0.0457763709127903,9.435608262720052e-06
1699223266.7456331,-9.313225746154785e-10,0.0,-9.313225746154785e-10,0.0012011820217594504
1699223266.7549381,-0.015258789993822575,0.0,-0.015258789993822575,0.0005755728343501687
1699223266.7636073,0.007629394996911287,0.0,0.007629394996911287,0.000735683657694608
1699223266.772176,0.0,0.0,0.0,0.001036076690070331
1699223266.78165,0.007629394996911287,0.0,0.007629394996911287,0.002019373932853341
1699223266.791657,-0.030517580918967724,0.0,-0.030517580918967724,4.830522811971605e-05
1699223266.801382,0.00762939453125,0.0,0.00762939453125,0.0031200803350657225
1699223266.810513,0.00762939453125,0.0,0.00762939453125,0.004402658436447382
1699223266.819942,0.007629395928233862,0.0,0.007629395928233862,0.0005248849629424512
1699223266.829277,0.00762939453125,0.0,0.00762939453125,0.002675943076610565
1699223266.8388062,-0.015258787665516138,0.0,-0.015258787665516138,0.0011622661259025335
1699223266.8479471,-0.01525879092514515,0.0,-0.01525879092514515,0.0001422786881448701
1699223266.857384,0.0228881873190403,0.0,0.0228881873190403,0.004026172682642937
1699223266.8669872,-0.015258791856467724,0.0,-0.015258791856467724,8.054092177189887e-05
1699223266.8763952,0.02288818359375,0.0,0.02288818359375,0.007212277036160231
1699223266.886131,-0.0228881873190403,0.0,-0.0228881873190403,0.0008550615166313946
1699223266.891273,0.030517585575580597,0.0,0.030517585575580597,0.0022812290117144585
1699223266.896283,0.0,0.0,0.0,0.0002631636743899435
1699223266.905271,-0.02288818685337901,0.0,-0.02288818685337901,0.00012293558393139392
1699223266.9141011,0.0305175818502903,0.0,0.0305175818502903,0.0036024146247655153
1699223266.922747,-0.007629395928233862,0.0,-0.007629395928233862,0.0002803183742798865
1699223266.9319382,0.01525879092514515,0.0,0.01525879092514515,0.0018590374384075403
1699223266.937122,0.0,0.0,0.0,0.0010443562641739845
1699223266.942331,0.0,0.0,0.0,0.00042726125684566796
1699223266.952042,0.00762939453125,0.0,0.00762939453125,0.0015661672223359346
1699223266.9609733,0.007629395928233862,0.0,0.007629395928233862,0.00041331766988150775
1699223266.970108,0.0,0.0,0.0,0.0010898880427703261
1699223266.9794002,-0.007629394996911287,0.0,-0.007629394996911287,0.00038288123323582113
1699223266.9844933,0.0305175818502903,0.0,0.0305175818502903,0.002442392520606518
1699223266.9942553,-0.03051757998764515,0.0,-0.03051757998764515,0.0006623201770707965
1699223267.00423,0.01525879092514515,0.0,0.01525879092514515,0.0024453075602650642
1699223267.012787,0.0,0.0,0.0,0.0012015777174383402
1699223267.022749,0.0,0.0,0.0,-4.711062865681015e-05
1699223267.0335011,0.0,0.0,0.0,0.001144316396676004
1699223267.0406842,0.0,0.0,0.0,0.0006349377799779177
1699223267.0495832,0.007629394996911287,0.0,0.007629394996911287,0.0009793223580345511
1699223267.0546272,0.0,0.0,0.0,0.00010085977555718273
1699223267.064347,0.030517580453306437,0.0,0.030517580453306437,0.005491193849593401
1699223267.0741131,-0.0381469763815403,0.0,-0.0381469763815403,0.0012605186784639955
1699223267.08375,0.007629394996911287,0.0,0.007629394996911287,0.002607893431559205
1699223267.088761,0.0,0.0,0.0,0.0009429063647985458
1699223267.099153,-0.007629395928233862,0.0,-0.007629395928233862,0.0005985693424008787
1699223267.10497,0.0305175818502903,0.0,0.0305175818502903,0.0016019419999793172
1699223267.11103,-0.0457763709127903,0.0,-0.0457763709127903,1.6769112335168757e-05
1699223267.11629,-0.0305175818502903,0.0,-0.0305175818502903,0.0008125459426082671
1699223267.122004,0.0,0.0,0.0,0.001421352499164641
1699223267.1285782,-0.0305175818502903,0.0,-0.0305175818502903,0.0001386069052387029
1699223267.135044,-0.015258791856467724,0.0,-0.015258791856467724,0.0001530489680590108
1699223267.141791,0.015258795581758022,0.0,0.015258795581758022,0.001774478005245328
1699223267.147496,-0.0457763709127903,0.0,-0.0457763709127903,-5.736485036322847e-05
1699223267.156095,0.015258789528161287,0.0,0.015258789528161287,0.005030085798352957
1699223267.1649432,-0.030517580453306437,0.0,-0.030517580453306437,0.0006782395648770034
1699223267.1743722,0.015258789993822575,0.0,0.015258789993822575,0.001893816515803337
1699223267.183969,-0.007629395928233862,0.0,-0.007629395928233862,0.0010504793608561158
1699223267.193993,0.0,0.0,0.0,0.0006282638642005622
1699223267.199015,0.0,0.0,0.0,0.0007567740394733846
1699223267.208619,0.0,0.0,0.0,0.0009495039703324437
1699223267.217982,0.007629394996911287,0.0,0.007629394996911287,0.0010263016447424889
1699223267.227081,0.0,0.0,0.0,0.000536159728653729
1699223267.2367623,0.007629394996911287,0.0,0.007629394996911287,0.001630192855373025
1699223267.246748,-0.015258789993822575,0.0,-0.015258789993822575,0.0003076620923820883
1699223267.256127,0.01525879092514515,0.0,0.01525879092514515,0.0021813204512000084
1699223267.265491,0.015258789528161287,0.0,0.015258789528161287,0.0025549877900630236
1699223267.274943,-0.015258789528161287,0.0,-0.015258789528161287,0.0015132452826946974
1699223267.279974,-0.015258791856467724,0.0,-0.015258791856467724,0.00042445858707651496
1699223267.289374,0.01525879092514515,0.0,0.01525879092514515,0.0023150204215198755
1699223267.294899,-0.0457763709127903,0.0,-0.0457763709127903,2.6416382752358913e-05
1699223267.303949,0.007629395928233862,0.0,0.007629395928233862,0.0007779899169690907
1699223267.312467,0.015258789993822575,0.0,0.015258789993822575,0.0017941539408639073
1699223267.321314,0.0,0.0,0.0,0.003444672329351306
1699223267.330979,-0.02288818545639515,0.0,-0.02288818545639515,0.0007899610791355371
1699223267.335982,0.015258791856467724,0.0,0.015258791856467724,0.0015823733992874622
1699223267.3457322,-0.01525879092514515,0.0,-0.01525879092514515,0.0008380768122151494
1699223267.3549342,0.015258790459483862,0.0,0.015258790459483862,0.002024578396230936
1699223267.36437,0.0,0.0,0.0,0.0010470690904185176
1699223267.3735402,-0.007629394996911287,0.0,-0.007629394996911287,0.0012411725474521518
1699223267.382935,0.015258789993822575,0.0,0.015258789993822575,0.00043092522537335753
1699223267.389735,0.015258789993822575,0.0,0.015258789993822575,0.0006457242416217923
1699223267.397757,-0.015258789993822575,0.0,-0.015258789993822575,-0.00026316806906834245
1699223267.4064732,-0.03051757998764515,0.0,-0.03051757998764515,-6.059841689420864e-05
1699223267.415467,-0.007629395928233862,0.0,-0.007629395928233862,0.002081769984215498
1699223267.424235,0.007629395928233862,0.0,0.007629395928233862,0.0018138927407562733
1699223267.434004,-0.01525879092514515,0.0,-0.01525879092514515,0.002198674948886037
1699223267.444007,-0.030517580453306437,0.0,-0.030517580453306437,0.0004061263462062925
1699223267.453115,0.02288818545639515,0.0,0.02288818545639515,0.0019577688071876764
1699223267.462613,0.015258789993822575,0.0,0.015258789993822575,0.00112698704469949
1699223267.4719641,-0.015258789528161287,0.0,-0.015258789528161287,0.0016914908774197102
1699223267.480927,0.015258789993822575,0.0,0.015258789993822575,0.0015301057137548923
1699223267.49055,-0.007629394996911287,0.0,-0.007629394996911287,0.0004822912160307169
1699223267.4955971,0.015258789993822575,0.0,0.015258789993822575,0.001378817018121481
1699223267.5047393,0.007629394996911287,0.0,0.007629394996911287,0.00038462993688881397
1699223267.513585,-0.02288818545639515,0.0,-0.02288818545639515,0.0008410443551838398
1699223267.5224571,0.015258789528161287,0.0,0.015258789528161287,0.0011037759250029922
1699223267.531649,-0.02288818545639515,0.0,-0.02288818545639515,0.0009932316606864333
1699223267.5418181,0.007629395928233862,0.0,0.007629395928233862,0.0021270262077450752
1699223267.550951,-0.01525879092514515,0.0,-0.01525879092514515,0.0005928306491114199
1699223267.5605602,0.02288818545639515,0.0,0.02288818545639515,0.000765377189964056
1699223267.5702932,0.0,0.0,0.0,0.0003482677857391536
1699223267.579744,-0.02288818545639515,0.0,-0.02288818545639515,0.0009810103802010417
1699223267.589363,0.007629395928233862,0.0,0.007629395928233862,0.0023881362285465
1699223267.599127,-0.007629395928233862,0.0,-0.007629395928233862,4.516222179518081e-05
1699223267.6080642,0.030517580453306437,0.0,0.030517580453306437,0.002635852200910449
1699223267.6165602,-0.015258790459483862,0.0,-0.015258790459483862,0.0016292962245643139
1699223267.625034,0.030517578590661287,0.0,0.030517578590661287,0.004344440530985594
1699223267.634964,-0.03051757998764515,0.0,-0.03051757998764515,-0.00011056294897571206
1699223267.644962,0.022888184059411287,0.0,0.022888184059411287,0.003352157073095441
1699223267.6542532,-0.03051758138462901,0.0,-0.03051758138462901,0.0005978770204819739
1699223267.6637301,0.01525879092514515,0.0,0.01525879092514515,0.0016951541183516383
1699223267.6729093,-0.02288818545639515,0.0,-0.02288818545639515,0.000781990063842386
1699223267.6822762,0.02288818545639515,0.0,0.02288818545639515,0.003053376218304038
1699223267.6923811,-0.007629394996911287,0.0,-0.007629394996911287,0.0005801948136650026
1699223267.697643,0.0457763709127903,0.0,0.0457763709127903,0.0035132886841893196
1699223267.707766,0.007629395462572575,0.0,0.007629395462572575,0.0031449010130017996
1699223267.717129,0.0,0.0,0.0,0.0013030171394348145
1699223267.72213,-0.0610351599752903,0.0,-0.0610351599752903,7.852228009141982e-06
1699223267.731892,0.007629394996911287,0.0,0.007629394996911287,0.002209632657468319
1699223267.736989,0.015258789993822575,0.0,0.015258789993822575,0.0014610596699640155
1699223267.742111,-0.0457763709127903,0.0,-0.0457763709127903,-3.797620956902392e-05
1699223267.7473812,0.0,0.0,0.0,0.0037075881846249104
1699223267.756997,-0.015258787665516138,0.0,-0.015258787665516138,0.0008899442618712783
1699223267.7622552,0.0,0.0,0.0,0.0011728202225640416
1699223267.7673442,-0.015258789993822575,0.0,-0.015258789993822575,0.000911281444132328
1699223267.777436,-0.015258789993822575,0.0,-0.015258789993822575,0.0007438529282808304
1699223267.7829752,0.0610351599752903,0.0,0.0610351599752903,0.0034944999497383833
1699223267.7882593,0.0,0.0,0.0,0.00020314565335866064
1699223267.7932892,-0.0457763709127903,0.0,-0.0457763709127903,-0.000741143652703613
1699223267.802977,0.0,0.0,0.0,0.0014518219977617264
1699223267.808324,0.030517585575580597,0.0,0.030517585575580597,0.0011818230850622058
1699223267.813625,0.0,0.0,0.0,0.0003975215367972851
1699223267.823068,0.0,0.0,0.0,0.00042922599823214114
1699223267.832614,0.0,0.0,0.0,0.000978466123342514
1699223267.842056,-0.007629394996911287,0.0,-0.007629394996911287,0.00031578258494846523
1699223267.8515842,-0.015258789993822575,0.0,-0.015258789993822575,0.00046248268336057663
1699223267.8603852,-0.00762939453125,0.0,-0.00762939453125,0.0025440955068916082
1699223267.8685691,-0.03814697591587901,0.0,-0.03814697591587901,0.00018655323947314173
1699223267.8769302,0.0228881873190403,0.0,0.0228881873190403,0.002706906059756875
1699223267.88648,-0.03051758138462901,0.0,-0.03051758138462901,3.9681985072093084e-05
1699223267.8955622,0.04577637417241931,0.0,0.04577637417241931,0.005383436102420092
1699223267.9046922,-0.015258790459483862,0.0,-0.015258790459483862,0.0001535423652967438
1699223267.9132361,0.030517580453306437,0.0,0.030517580453306437,0.004340337589383125
1699223267.9224641,-0.02288818545639515,0.0,-0.02288818545639515,0.0014657499268651009
1699223267.931922,0.030517580453306437,0.0,0.030517580453306437,0.004099101759493351
1699223267.9412792,-0.02288818545639515,0.0,-0.02288818545639515,4.4692467781715095e-05
1699223267.9502392,-0.007629395928233862,0.0,-0.007629395928233862,0.000617349287495017
1699223267.9590883,0.02288818545639515,0.0,0.02288818545639515,0.0015962864272296429
1699223267.9682472,-0.01525879092514515,0.0,-0.01525879092514515,0.00018453766824677587
1699223267.977417,0.007629396393895149,0.0,0.007629396393895149,0.0019782159943133593
1699223267.9867,-0.02288818545639515,0.0,-0.02288818545639515,5.155743201612495e-05
1699223267.9964392,0.007629394996911287,0.0,0.007629394996911287,0.00253645540215075
1699223268.0060413,-0.015258789528161287,0.0,-0.015258789528161287,0.0013022967614233494
1699223268.016063,0.0,0.0,0.0,0.0008482051198370755
1699223268.025969,0.007629395928233862,0.0,0.007629395928233862,0.0030109428334981203
1699223268.0357163,0.0,0.0,0.0,0.0016412953846156597
1699223268.045499,0.0076293968595564365,0.0,0.0076293968595564365,0.0015603285282850266
1699223268.054715,0.015258789528161287,0.0,0.015258789528161287,0.004258794244378805
1699223268.0639782,-0.022888182196766138,0.0,-0.022888182196766138,0.0014711585827171803
1699223268.072926,0.015258789528161287,0.0,0.015258789528161287,0.0024841036647558212
1699223268.082011,-0.015258789528161287,0.0,-0.015258789528161287,0.00225588190369308
1699223268.087114,-0.015258791856467724,0.0,-0.015258791856467724,-0.00013873663556296378
1699223268.092635,0.0610351599752903,0.0,0.0610351599752903,0.0024211090058088303
1699223268.1022632,-0.007629394996911287,0.0,-0.007629394996911287,0.0006176955648697913
1699223268.111437,0.02288818545639515,0.0,0.02288818545639515,0.003779832972213626
1699223268.12071,-0.022888184990733862,0.0,-0.022888184990733862,0.0005721029010601342
1699223268.1299312,0.015258790459483862,0.0,0.015258790459483862,0.0030320012010633945
1699223268.139543,-0.02288818545639515,0.0,-0.02288818545639515,0.0006963001214899123
1699223268.1486742,0.007629394996911287,0.0,0.007629394996911287,0.0014021614333614707
1699223268.1579301,0.007629394996911287,0.0,0.007629394996911287,0.0010887064272537827
1699223268.1675532,0.015258790459483862,0.0,0.015258790459483862,0.0027689500711858273
1699223268.1769512,-0.03051758138462901,0.0,-0.03051758138462901,0.0004260664281900972
1699223268.186558,0.02288818545639515,0.0,0.02288818545639515,0.0013325187610462308
1699223268.1915762,0.0,0.0,0.0,0.0003067889774683863
1699223268.200926,0.0,0.0,0.0,0.0012413554359227419
1699223268.2105951,0.0,0.0,0.0,0.0004706454637926072
1699223268.2189171,0.007629394996911287,0.0,0.007629394996911287,0.0011907621519640088
1699223268.227426,-0.015258790459483862,0.0,-0.015258790459483862,0.0015922359889373183
1699223268.236952,0.030517580918967724,0.0,0.030517580918967724,0.0009042169549502432
1699223268.246557,-0.030517580918967724,0.0,-0.030517580918967724,-0.00012090037489542738
1699223268.25159,0.03051757998764515,0.0,0.03051757998764515,0.0025745092425495386
1699223268.2609742,2.7939677238464355e-09,0.0,2.7939677238464355e-09,0.0005702018388547003
1699223268.270484,-0.01525879092514515,0.0,-0.01525879092514515,0.0007709388737566769
1699223268.279555,0.0305175818502903,0.0,0.0305175818502903,0.003477322869002819
1699223268.2889953,-0.030517580453306437,0.0,-0.030517580453306437,0.0004374600830487907
1699223268.2979772,0.022888185922056437,0.0,0.022888185922056437,0.0031569022685289383
1699223268.3067112,-0.0381469763815403,0.0,-0.0381469763815403,5.618944669549819e-06
1699223268.3149462,0.03814697591587901,0.0,0.03814697591587901,0.003408254822716117
1699223268.323455,-0.02288818545639515,0.0,-0.02288818545639515,0.0003145854570902884
1699223268.33384,0.02288818545639515,0.0,0.02288818545639515,0.0036823463160544634
1699223268.3400693,0.015258789993822575,0.0,0.015258789993822575,0.0017178478883579373
1699223268.3451653,0.0,0.0,0.0,0.00046608244883827865
1699223268.3507133,-0.0457763709127903,0.0,-0.0457763709127903,-3.6930050555383787e-05
1699223268.359529,0.03814697591587901,0.0,0.03814697591587901,0.002108026994392276
1699223268.368049,-0.01525879092514515,0.0,-0.01525879092514515,0.0006469690706580877
1699223268.376657,0.007629394996911287,0.0,0.007629394996911287,0.002399725141003728
1699223268.381991,0.0305175818502903,0.0,0.0305175818502903,0.0015485004987567663
1699223268.392028,-0.03051757998764515,0.0,-0.03051757998764515,0.00030489108758047223
1699223268.397428,0.015258789993822575,0.0,0.015258789993822575,3.765509609365836e-05
1699223268.4065843,0.007629395928233862,0.0,0.007629395928233862,0.0005757375038228929
1699223268.415935,-0.01525879092514515,0.0,-0.01525879092514515,0.00032491420279257
1699223268.4242442,0.02288818545639515,0.0,0.02288818545639515,0.0025053839199244976
1699223268.433619,-0.01525879092514515,0.0,-0.01525879092514515,0.0006868581403978169
1699223268.4431071,0.007629395928233862,0.0,0.007629395928233862,0.0023894801270216703
1699223268.4482603,-0.0457763709127903,0.0,-0.0457763709127903,0.00020652104285545647
1699223268.453638,-0.0457763709127903,0.0,-0.0457763709127903,-0.00031555964960716665
1699223268.4587522,0.0457763709127903,0.0,0.0457763709127903,0.0026286430656909943
1699223268.463944,0.030517585575580597,0.0,0.030517585575580597,0.0013448301469907165
1699223268.468955,-0.0457763709127903,0.0,-0.0457763709127903,-1.1819827705039643e-05
1699223268.478099,0.022888184059411287,0.0,0.022888184059411287,0.0029283242765814066
1699223268.4879613,0.007629397790879011,0.0,0.007629397790879011,0.0017348967958241701
1699223268.49795,-0.007629395928233862,0.0,-0.007629395928233862,0.001125994953326881
1699223268.5074472,-0.01525879092514515,0.0,-0.01525879092514515,0.0010621825931593776
1699223268.516062,-0.015258789528161287,0.0,-0.015258789528161287,0.00158925901632756
1699223268.525074,0.02288818545639515,0.0,0.02288818545639515,0.0015313455369323492
1699223268.5349562,0.0,0.0,0.0,0.0016730173956602812
1699223268.544948,0.015258789528161287,0.0,0.015258789528161287,0.0032693592365831137
1699223268.5543292,-0.02288818545639515,0.0,-0.02288818545639515,0.001173439552076161
1699223268.5634162,0.015258789993822575,0.0,0.015258789993822575,0.0005116839311085641
1699223268.5729392,0.0,0.0,0.0,0.0009394907392561436
1699223268.581939,-0.02288818545639515,0.0,-0.02288818545639515,0.0008321025525219738
1699223268.590918,0.01525879092514515,0.0,0.01525879092514515,0.0017216721316799521
1699223268.595943,-0.015258791856467724,0.0,-0.015258791856467724,0.000681812409311533
1699223268.60096,0.015258789993822575,0.0,0.015258789993822575,0.0011178461136296391
1699223268.6105492,-0.007629394996911287,0.0,-0.007629394996911287,0.0004175400245003402
1699223268.619953,0.03051758138462901,0.0,0.03051758138462901,0.0010534924222156405
1699223268.629256,-0.02288818545639515,0.0,-0.02288818545639515,0.000839620886836201
1699223268.634289,0.0610351599752903,0.0,0.0610351599752903,0.002802229020744562
1699223268.643937,0.0,0.0,0.0,0.0016410085372626781
1699223268.653537,0.02288818545639515,0.0,0.02288818545639515,0.0048464564606547356
1699223268.663452,0.007629397790879011,0.0,0.007629397790879011,0.0011612167581915855
1699223268.672696,-0.007629397325217724,0.0,-0.007629397325217724,0.0019474520813673735
1699223268.6830552,0.007629394996911287,0.0,0.007629394996911287,0.0001268040796276182
1699223268.688985,0.0,0.0,0.0,0.0006233203457668424
1699223268.6945832,0.0,0.0,0.0,-0.00013970174768473953
1699223268.6999602,0.0,0.0,0.0,0.000960394274443388
1699223268.7053483,0.015258789993822575,0.0,0.015258789993822575,0.0021388628520071507
1699223268.710721,0.0,0.0,0.0,0.00031552708242088556
1699223268.7159832,-0.015258791856467724,0.0,-0.015258791856467724,0.0001457874313928187
1699223268.72127,0.030517585575580597,0.0,0.030517585575580597,0.001770898699760437
1699223268.7263892,0.0,0.0,0.0,0.0005240017198957503
1699223268.732446,0.0,0.0,0.0,0.000998753821477294
1699223268.7382863,0.0,0.0,0.0,0.0009041792363859713
1699223268.747472,0.007629394996911287,0.0,0.007629394996911287,0.001898975926451385
1699223268.7575731,-0.03051758138462901,0.0,-0.03051758138462901,0.0005057970411144197
1699223268.766439,0.022888185922056437,0.0,0.022888185922056437,0.0024391249753534794
1699223268.7752242,-0.02288818545639515,0.0,-0.02288818545639515,0.0004686267930082977
1699223268.7841501,0.0,0.0,0.0,0.0006126470398157835
1699223268.789543,0.015258789993822575,0.0,0.015258789993822575,0.0015051078516989946
1699223268.799016,-0.01525879092514515,0.0,-0.01525879092514515,-9.92046989267692e-06
1699223268.8076959,0.03051758138462901,0.0,0.03051758138462901,0.0017596521647647023
1699223268.816883,-0.007629394996911287,0.0,-0.007629394996911287,0.0006814775406382978
1699223268.8255403,0.007629394996911287,0.0,0.007629394996911287,0.0008970149792730808
1699223268.8349211,-0.02288818545639515,0.0,-0.02288818545639515,0.000566661125048995
1699223268.8399282,0.0,0.0,0.0,0.0005681703332811594
1699223268.8494442,0.0,0.0,0.0,0.0005055151996202767
1699223268.8584201,0.0,0.0,0.0,0.0008669664384797215
1699223268.8669252,-9.313225746154785e-10,0.0,-9.313225746154785e-10,0.0002200501476181671
1699223268.875419,0.01525879092514515,0.0,0.01525879092514515,0.0017732109408825636
1699223268.8849092,-0.007629396393895149,0.0,-0.007629396393895149,0.0011401468655094504
1699223268.894143,0.015258789993822575,0.0,0.015258789993822575,0.0009436658001504838
1699223268.903452,-0.007629396393895149,0.0,-0.007629396393895149,0.003676365362480283
1699223268.912895,-0.015258787665516138,0.0,-0.015258787665516138,0.0009676403133198619
1699223268.9215503,-0.01525879092514515,0.0,-0.01525879092514515,0.00049458077410236
1699223268.9306912,0.015258789993822575,0.0,0.015258789993822575,0.003142611589282751
1699223268.939938,0.0,0.0,0.0,0.002934943186119199
1699223268.9452512,0.0,0.0,0.0,0.00024373056658077985
1699223268.954461,0.0305175818502903,0.0,0.0305175818502903,0.0036541179288178682
1699223268.963541,-0.0305175818502903,0.0,-0.0305175818502903,0.00010407931404188275
1699223268.9726973,0.04577637417241931,0.0,0.04577637417241931,0.003307788632810116
1699223268.98225,-0.02288818545639515,0.0,-0.02288818545639515,0.0002786190889310092
1699223268.9919121,0.0,0.0,0.0,0.0017746895318850875
1699223269.0005891,0.007629394996911287,0.0,0.007629394996911287,0.0014730700058862567
1699223269.010087,-0.02288818545639515,0.0,-0.02288818545639515,0.00042668465175665915
1699223269.019558,0.007629396393895149,0.0,0.007629396393895149,0.0014814668102189898
1699223269.0292943,0.01525879092514515,0.0,0.01525879092514515,0.0018183564534410834
1699223269.034567,-0.0457763709127903,0.0,-0.0457763709127903,-2.5812041712924838e-05
1699223269.044255,0.02288818545639515,0.0,0.02288818545639515,0.0032658849377185106
1699223269.053697,0.0,0.0,0.0,0.0013659292599186301
1699223269.062022,0.0,0.0,0.0,0.0011000611120834947
1699223269.0709069,0.015258789993822575,0.0,0.015258789993822575,0.0004423823847901076
1699223269.080176,0.0,0.0,0.0,0.0010461196070536971
1699223269.089948,0.0381469763815403,0.0,0.0381469763815403,0.0019388905493542552
1699223269.09992,0.0,0.0,0.0,0.0009291406604461372
1699223269.109213,0.0,0.0,0.0,0.0008690614486113191
1699223269.118457,-0.007629394996911287,0.0,-0.007629394996911287,0.0003512372786644846
1699223269.127568,0.0,0.0,0.0,0.0009184484952129424
1699223269.1366882,0.015258789993822575,0.0,0.015258789993822575,0.001832221751101315
1699223269.145663,0.00762939453125,0.0,0.00762939453125,0.0022431809920817614
1699223269.1550522,0.0,0.0,0.0,0.0014532700879499316
1699223269.16416,-0.007629394996911287,0.0,-0.007629394996911287,0.0008727223030291498
1699223269.173286,0.007629394996911287,0.0,0.007629394996911287,0.0008313673315569758
1699223269.1826823,-0.015258790459483862,0.0,-0.015258790459483862,0.0022149914875626564
1699223269.1925552,0.007629395462572575,0.0,0.007629395462572575,0.002886369591578841
1699223269.2016652,0.02288818545639515,0.0,0.02288818545639515,0.0014237709110602736
1699223269.2100341,-0.01525879092514515,0.0,-0.01525879092514515,0.0017321096966043115
1699223269.2186341,-0.00762939453125,0.0,-0.00762939453125,0.0018243626691401005
1699223269.227515,0.030517576728016138,0.0,0.030517576728016138,0.003897787304595113
1699223269.2371411,-0.02288818545639515,0.0,-0.02288818545639515,0.0006829067133367062
1699223269.2469172,0.02288818545639515,0.0,0.02288818545639515,0.0012577675515785813
1699223269.255675,-0.01525879092514515,0.0,-0.01525879092514515,0.0004585204878821969
1699223269.264528,-0.007629394996911287,0.0,-0.007629394996911287,0.00035334579297341406
1699223269.273396,0.015258790459483862,0.0,0.015258790459483862,0.001424195826984942
1699223269.28244,-0.030517580453306437,0.0,-0.030517580453306437,0.0003267961146775633
1699223269.291569,0.01525879092514515,0.0,0.01525879092514515,0.0012244705576449633
1699223269.300551,-0.02288818545639515,0.0,-0.02288818545639515,0.00023022177629172802
1699223269.30914,0.03051758138462901,0.0,0.03051758138462901,0.002207033336162567
1699223269.317655,-0.02288818545639515,0.0,-0.02288818545639515,0.00020217978453729302
1699223269.3264291,-0.015258789993822575,0.0,-0.015258789993822575,0.0023101791739463806
1699223269.3354063,-0.007629394996911287,0.0,-0.007629394996911287,0.0008090979536063969
1699223269.3404102,-0.015258789993822575,0.0,-0.015258789993822575,0.0011455517960712314
1699223269.349419,0.007629395928233862,0.0,0.007629395928233862,0.0020194516982883215
1699223269.358558,0.015258790459483862,0.0,0.015258790459483862,0.002256435342133045
1699223269.3636749,0.0,0.0,0.0,0.0013381901662796736
1699223269.369371,0.0,0.0,0.0,0.0002569804200902581
1699223269.3753011,-0.0457763709127903,0.0,-0.0457763709127903,-3.520278823998524e-06
1699223269.3853042,0.015258789528161287,0.0,0.015258789528161287,0.0030368741136044264
1699223269.3907611,0.0,0.0,0.0,0.0008358709746971726
1699223269.395965,0.0,0.0,0.0,0.0005913049099035561
1699223269.405507,-0.007629394996911287,0.0,-0.007629394996911287,0.0018254485912621021
1699223269.4153652,-9.313225746154785e-10,0.0,-9.313225746154785e-10,0.0015508536016568542
1699223269.420586,0.0,0.0,0.0,0.000840577413327992
1699223269.426291,0.0,0.0,0.0,0.0008640454616397619
1699223269.435425,-0.007629394996911287,0.0,-0.007629394996911287,0.0004193357890471816
1699223269.4446642,-0.007629394996911287,0.0,-0.007629394996911287,0.001255179988220334
1699223269.453407,-0.007629395462572575,0.0,-0.007629395462572575,0.0014346962561830878
1699223269.462278,0.015258792787790298,0.0,0.015258792787790298,0.0021319568622857332
1699223269.471036,-0.0228881873190403,0.0,-0.0228881873190403,0.0007459578919224441
1699223269.4801502,0.03051757998764515,0.0,0.03051757998764515,0.0029188732150942087
1699223269.490129,-0.02288818545639515,0.0,-0.02288818545639515,0.00027212189161218703
1699223269.4952571,0.0457763709127903,0.0,0.0457763709127903,0.0030451572965830564
1699223269.504641,-0.007629394065588713,0.0,-0.007629394065588713,0.0005973330116830766
1699223269.5138922,-9.313225746154785e-10,0.0,-9.313225746154785e-10,0.0029709406662732363
1699223269.523415,0.03051758138462901,0.0,0.03051758138462901,0.0011104269651696086
1699223269.5329392,-0.007629394996911287,0.0,-0.007629394996911287,0.001908365753479302
1699223269.5424962,0.02288818545639515,0.0,0.02288818545639515,0.0021496342960745096
1699223269.5513902,-0.02288818545639515,0.0,-0.02288818545639515,0.000891396717634052
1699223269.560265,-0.007629395928233862,0.0,-0.007629395928233862,0.0005560093559324741
1699223269.569674,0.01525879092514515,0.0,0.01525879092514515,0.0017282345797866583
1699223269.5789483,-0.007629395928233862,0.0,-0.007629395928233862,0.0002248055679956451
1699223269.5885541,0.04577637417241931,0.0,0.04577637417241931,0.004913695156574249
1699223269.593568,-0.0762939527630806,0.0,-0.0762939527630806,0.00020649348152801394
1699223269.6031291,0.030517578590661287,0.0,0.030517578590661287,0.003514896146953106
1699223269.6118553,-0.007629394996911287,0.0,-0.007629394996911287,0.0006003567832522094
1699223269.6204102,0.0,0.0,0.0,0.0012231204891577363
1699223269.629968,0.015258790459483862,0.0,0.015258790459483862,0.0019138591596856713
1699223269.635096,-0.03051757998764515,0.0,-0.03051757998764515,-1.3351415873330552e-05
1699223269.640723,0.015258789993822575,0.0,0.015258789993822575,3.261492383899167e-05
1699223269.646246,0.015258791856467724,0.0,0.015258791856467724,0.0017819305649027228
1699223269.655883,-0.01525879092514515,0.0,-0.01525879092514515,0.0007815712597221136
1699223269.6654532,0.0,0.0,0.0,0.0010148007422685623
1699223269.6746392,0.0,0.0,0.0,0.0008994485251605511
1699223269.684241,0.0,0.0,0.0,0.0008931048214435577
1699223269.6933951,0.0,0.0,0.0,0.0009419339476153255
1699223269.698502,0.0,0.0,0.0,0.000828766031190753
1699223269.7075353,0.0,0.0,0.0,0.0009023247985169291
1699223269.717022,0.02288818545639515,0.0,0.02288818545639515,0.0027877872344106436
1699223269.7265313,-0.022888184990733862,0.0,-0.022888184990733862,0.0008556331158615649
1699223269.736027,-0.007629394996911287,0.0,-0.007629394996911287,0.0004169376043137163
1699223269.7411783,-0.015258789993822575,0.0,-0.015258789993822575,0.0008574257371947169
1699223269.7472782,0.0457763709127903,0.0,0.0457763709127903,0.0041997660882771015
1699223269.7572842,-0.007629394996911287,0.0,-0.007629394996911287,0.0008951459312811494
1699223269.7668962,0.0,0.0,0.0,0.000954014714807272
1699223269.776163,0.0,0.0,0.0,0.0011315292213112116
1699223269.785897,0.015258790459483862,0.0,0.015258790459483862,0.001930385478772223
1699223269.7964742,0.007629395928233862,0.0,0.007629395928233862,0.0014976435340940952
1699223269.8017292,-0.015258791856467724,0.0,-0.015258791856467724,0.0005449146265164018
1699223269.812379,0.015258790459483862,0.0,0.015258790459483862,0.00304616242647171
1699223269.8177161,-0.015258789993822575,0.0,-0.015258789993822575,-3.1128777209232794e-06
1699223269.826993,-0.015258789993822575,0.0,-0.015258789993822575,0.0007247272878885269
1699223269.832231,0.0610351599752903,0.0,0.0610351599752903,0.003006543265655637
1699223269.837553,0.0,0.0,0.0,0.001119868247769773
1699223269.8435032,-0.0915527418255806,0.0,-0.0915527418255806,6.32657392998226e-05
1699223269.852626,0.04577637277543545,0.0,0.04577637277543545,0.002812871476635337
1699223269.8577013,0.0,0.0,0.0,0.000876986887305975
1699223269.8670022,-0.01525879092514515,0.0,-0.01525879092514515,0.0003824334417004138
1699223269.8765051,0.022888185922056437,0.0,0.022888185922056437,0.0021382237318903208
1699223269.8819852,-0.0457763709127903,0.0,-0.0457763709127903,-8.652160431665834e-06
1699223269.8919733,0.02288818545639515,0.0,0.02288818545639515,0.0032469064462929964
1699223269.897499,0.0,0.0,0.0,0.001593898981809616
1699223269.902879,-0.030517585575580597,0.0,-0.030517585575580597,0.0006879442953504622
1699223269.908003,-0.0457763709127903,0.0,-0.0457763709127903,0.00039713503792881966
1699223269.9166322,0.015258789993822575,0.0,0.015258789993822575,0.0006523921620100737
1699223269.926022,-0.022888185922056437,0.0,-0.022888185922056437,0.0005438207881525159
1699223269.931379,0.03051757998764515,0.0,0.03051757998764515,0.001923855859786272
1699223269.9365892,0.015258791856467724,0.0,0.015258791856467724,0.0009861711878329515
1699223269.946899,-0.02288818685337901,0.0,-0.02288818685337901,0.00036227377131581306
1699223269.956136,0.0381469763815403,0.0,0.0381469763815403,0.005678906105458736
1699223269.9653902,-0.03814697591587901,0.0,-0.03814697591587901,0.00016329350182786584
1699223269.970431,0.0915527418255806,0.0,0.0915527418255806,0.0046414039097726345
1699223269.9754822,0.0,0.0,0.0,-0.00033151183743029833
1699223269.981398,-0.03051757998764515,0.0,-0.03051757998764515,2.9660190193681046e-05
1699223269.9876292,0.0457763709127903,0.0,0.0457763709127903,0.003934534266591072
1699223269.997558,-0.007629393134266138,0.0,-0.007629393134266138,0.0012369854375720024
1699223270.0034063,0.0,0.0,0.0,-0.00048300466733053327
1699223270.008918,0.0457763709127903,0.0,0.0457763709127903,0.0019110249122604728
1699223270.014378,-0.0457763709127903,0.0,-0.0457763709127903,5.671833787346259e-05
1699223270.0199,-0.0305175818502903,0.0,-0.0305175818502903,9.74844369920902e-05
1699223270.0249403,0.0457763709127903,0.0,0.0457763709127903,0.0014717017766088247
1699223270.030754,0.015258795581758022,0.0,0.015258795581758022,0.0005301540368236601
1699223270.0366821,-0.0457763709127903,0.0,-0.0457763709127903,4.889176489086822e-05
1699223270.0421631,0.0,0.0,0.0,0.0007961459341458976
1699223270.04756,0.0,0.0,0.0,0.0003954889834858477
1699223270.0531511,0.0305175818502903,0.0,0.0305175818502903,0.0023367535322904587
1699223270.058711,-0.0457763709127903,0.0,-0.0457763709127903,-0.00048519944539293647
1699223270.0754461,0.0762939527630806,0.0,0.0762939527630806,0.00112775934394449
1699223270.0874503,-0.0305175818502903,0.0,-0.0305175818502903,0.00024264294188469648
1699223270.0981352,0.015258795581758022,0.0,0.015258795581758022,0.0007886939565651119
1699223270.1055932,-0.015258791856467724,0.0,-0.015258791856467724,0.00020433250756468624
1699223270.112322,0.0305175818502903,0.0,0.0305175818502903,0.0013619273668155074
1699223270.118272,0.03051757998764515,0.0,0.03051757998764515,0.0017115517985075712
1699223270.12435,-0.0457763709127903,0.0,-0.0457763709127903,-0.00020128719916101545
1699223270.130368,-0.015258791856467724,0.0,-0.015258791856467724,0.001263856771402061
1699223270.139116,0.0,0.0,0.0,-0.0004445827507879585
1699223270.146819,0.0,0.0,0.0,-5.122577567817643e-05
1699223270.15299,-0.03051757998764515,0.0,-0.03051757998764515,0.00010410301183583215
1699223270.163031,0.007629395928233862,0.0,0.007629395928233862,0.0009146250667981803
1699223270.168405,-0.0457763709127903,0.0,-0.0457763709127903,-7.692039798712358e-05
1699223270.1774132,0.0,0.0,0.0,0.0018241431098431349
1699223270.1830082,0.0,0.0,0.0,0.0005478277453221381
1699223270.193514,9.313225746154785e-10,0.0,9.313225746154785e-10,0.0009156850283034146
1699223270.1985312,-0.0457763709127903,0.0,-0.0457763709127903,-0.00013102803495712578
1699223270.207366,0.02288818545639515,0.0,0.02288818545639515,0.002605809597298503
1699223270.216383,0.0,0.0,0.0,0.0016966552939265966
1699223270.2254272,0.02288818545639515,0.0,0.02288818545639515,0.002804033225402236
1699223270.235112,-0.007629394996911287,0.0,-0.007629394996911287,0.0006457004928961396
1699223270.2445173,0.02288818359375,0.0,0.02288818359375,0.0009595810552127659
1699223270.2533882,-0.0381469763815403,0.0,-0.0381469763815403,-8.881147368811071e-05
1699223270.262093,0.030517580918967724,0.0,0.030517580918967724,0.0020973426289856434
1699223270.270965,-0.0381469763815403,0.0,-0.0381469763815403,0.0011249538511037827
1699223270.279385,0.02288817847147584,0.0,0.02288817847147584,0.004153454210609198
1699223270.2845032,0.0,0.0,0.0,0.0012005415046587586
1699223270.293577,-0.0381469763815403,0.0,-0.0381469763815403,2.1568959709838964e-05
1699223270.302369,0.022888187784701586,0.0,0.022888187784701586,0.002222535666078329
1699223270.312146,-0.01525879092514515,0.0,-0.01525879092514515,0.0010513670276850462
1699223270.3221052,0.022888185922056437,0.0,0.022888185922056437,0.0035949796438217163
1699223270.331324,-0.01525879092514515,0.0,-0.01525879092514515,0.000729165505617857
1699223270.3405252,0.00762939453125,0.0,0.00762939453125,0.0015724445693194866
1699223270.3498724,-0.015258789528161287,0.0,-0.015258789528161287,0.002530145924538374
1699223270.358529,0.00762939453125,0.0,0.00762939453125,0.002420657780021429
1699223270.367879,0.0,0.0,0.0,0.0018326931167393923
1699223270.3765771,-0.03051758324727416,0.0,-0.03051758324727416,2.0007064449600875e-05
1699223270.385982,0.0305175743997097,0.0,0.0305175743997097,0.0014967162860557437
1699223270.3958743,0.0,0.0,0.0,0.00011294304567854851
1699223270.4049492,0.0,0.0,0.0,0.0009884287137538195
1699223270.414193,0.0,0.0,0.0,0.0009526733192615211
1699223270.4196212,0.0,0.0,0.0,0.00042519596172496676
1699223270.4286182,0.0,0.0,0.0,0.0008363980450667441
1699223270.433651,0.015258789993822575,0.0,0.015258789993822575,0.0008146812324412167
1699223270.4430392,0.007629394996911287,0.0,0.007629394996911287,0.0012999421451240778
1699223270.4532142,0.007629394996911287,0.0,0.007629394996911287,0.001338767004199326
1699223270.462517,-0.007629394996911287,0.0,-0.007629394996911287,0.0013663767604157329
1699223270.468099,0.0457763709127903,0.0,0.0457763709127903,0.0027218321338295937
1699223270.476999,-0.015258790459483862,0.0,-0.015258790459483862,0.00029503993573598564
1699223270.482898,-0.015258789993822575,0.0,-0.015258789993822575,0.0004108724242541939
1699223270.4881542,0.0,0.0,0.0,-0.0005473898490890861
1699223270.497944,-0.007629392668604851,0.0,-0.007629392668604851,0.001970855053514242
1699223270.5073822,-0.007629394996911287,0.0,-0.007629394996911287,0.0007836435688659549
1699223270.516642,0.03051757998764515,0.0,0.03051757998764515,0.004059131257236004
1699223270.5251899,-0.03814697591587901,0.0,-0.03814697591587901,1.5580031913486891e-06
1699223270.534753,0.03051758138462901,0.0,0.03051758138462901,0.0015766763826832175
1699223270.5437171,-0.02288818545639515,0.0,-0.02288818545639515,0.00047565627028234303
1699223270.552925,0.022888184990733862,0.0,0.022888184990733862,0.004065490793436766
1699223270.561575,-0.02288818545639515,0.0,-0.02288818545639515,0.0007430884870700538
1699223270.570368,-0.01525879092514515,0.0,-0.01525879092514515,0.0007789210649207234
1699223270.579008,0.02288818545639515,0.0,0.02288818545639515,0.002359603764489293
1699223270.5882292,0.0,0.0,0.0,0.001662744558416307
1699223270.5978851,0.01525879092514515,0.0,0.01525879092514515,0.001429978059604764
1699223270.605971,-0.02288818545639515,0.0,-0.02288818545639515,0.0003483946493361145
1699223270.6151092,0.007629397790879011,0.0,0.007629397790879011,0.0015620035119354725
1699223270.6239629,-0.01525879092514515,0.0,-0.01525879092514515,7.20132447895594e-05
1699223270.6331942,0.0,0.0,0.0,0.0024125089403241873
1699223270.6429121,-0.015258789528161287,0.0,-0.015258789528161287,0.0002926476299762726
1699223270.6524932,0.00762939453125,0.0,0.00762939453125,0.0008059734245762229
1699223270.668589,-1.862645149230957e-09,0.0,-1.862645149230957e-09,0.002640994032844901
1699223270.6767151,0.030517585575580597,0.0,0.030517585575580597,0.002840741304680705
1699223270.682706,0.0,0.0,0.0,-0.0003252672904636711
1699223270.689151,0.0,0.0,0.0,0.00028267159359529614
1699223270.6991823,0.02288818545639515,0.0,0.02288818545639515,0.002704191952943802
1699223270.708367,-0.015258789993822575,0.0,-0.015258789993822575,0.00011109041224699467
1699223270.717899,1.862645149230957e-09,0.0,1.862645149230957e-09,0.001536213792860508
1699223270.7271092,-0.02288818545639515,0.0,-0.02288818545639515,0.0014368878910318017
1699223270.7325172,-0.015258791856467724,0.0,-0.015258791856467724,0.0003929810191038996
1699223270.738712,0.0610351599752903,0.0,0.0610351599752903,0.0037757474929094315
1699223270.7502341,-0.007629395928233862,0.0,-0.007629395928233862,0.0010060163913294673
1699223270.759427,0.03051758138462901,0.0,0.03051758138462901,0.0023774788714945316
1699223270.7649972,-0.015258791856467724,0.0,-0.015258791856467724,-0.00014958075189497322
1699223270.773446,-0.0152587890625,0.0,-0.0152587890625,0.002863912144675851
1699223270.782587,0.015258789993822575,0.0,0.015258789993822575,0.0013681501150131226
1699223270.791462,-0.015258790459483862,0.0,-0.015258790459483862,0.0015969985397532582
1699223270.79654,-0.015258791856467724,0.0,-0.015258791856467724,0.00010665520676411688
1699223270.8049643,0.03051758138462901,0.0,0.03051758138462901,0.0033155104611068964
1699223270.813604,-0.0381469763815403,0.0,-0.0381469763815403,8.272397826658562e-05
1699223270.82246,0.022888187784701586,0.0,0.022888187784701586,0.002149659674614668
1699223270.8311293,-0.022888185922056437,0.0,-0.022888185922056437,0.00025835688575170934
1699223270.840001,0.02288818545639515,0.0,0.02288818545639515,0.0028260184917598963
1699223270.849055,-0.02288818545639515,0.0,-0.02288818545639515,0.0011546305613592267
1699223270.857449,0.02288818545639515,0.0,0.02288818545639515,0.003228971501812339
1699223270.86659,0.0,0.0,0.0,0.0012250388972461224
1699223270.8748732,-0.015258791856467724,0.0,-0.015258791856467724,0.00023100610997062176
1699223270.8838522,0.0,0.0,0.0,0.0032131799962371588
1699223270.892523,-0.03051758138462901,0.0,-0.03051758138462901,0.00015077464922796935
1699223270.897602,0.0,0.0,0.0,0.00048591956146992743
1699223270.9061432,0.01525879092514515,0.0,0.01525879092514515,0.0019055804004892707
1699223270.915105,-0.02288818545639515,0.0,-0.02288818545639515,1.0597631444397848e-05
1699223270.9234462,0.03051757998764515,0.0,0.03051757998764515,0.005151859950274229
1699223270.932486,-0.007629395928233862,0.0,-0.007629395928233862,0.0003928410878870636
1699223270.941101,0.0,0.0,0.0,0.00035595439840108156
1699223270.950119,0.02288818545639515,0.0,0.02288818545639515,0.0015859483974054456
1699223270.958966,-0.0457763709127903,0.0,-0.0457763709127903,0.00018847783212549984
1699223270.9676092,0.0457763709127903,0.0,0.0457763709127903,0.0031613509636372328
1699223270.9763532,-0.007629394996911287,0.0,-0.007629394996911287,0.0008009862503968179
1699223270.9855,0.0,0.0,0.0,0.0012810282642021775
1699223270.994419,-0.007629394996911287,0.0,-0.007629394996911287,0.0003540902689564973
1699223271.003328,0.0,0.0,0.0,0.0020677323918789625
1699223271.011879,-0.007629395928233862,0.0,-0.007629395928233862,0.0003569423861335963
1699223271.020458,0.0,0.0,0.0,0.003054541302844882
1699223271.0289612,0.01525878394022584,0.0,0.01525878394022584,0.0027715021278709173
1699223271.038474,-0.007629398722201586,0.0,-0.007629398722201586,0.0026658240240067244
1699223271.048355,0.030517580453306437,0.0,0.030517580453306437,0.0038968061562627554
1699223271.0568452,-0.015258789993822575,0.0,-0.015258789993822575,0.0002717463066801429
1699223271.0655832,0.0,0.0,0.0,0.000735950714442879
1699223271.073972,-0.00762939453125,0.0,-0.00762939453125,0.0032519951928406954
1699223271.083133,0.0,0.0,0.0,0.0010734191164374352
1699223271.0919461,0.02288818545639515,0.0,0.02288818545639515,0.0011679603485390544
1699223271.100999,-0.015258791856467724,0.0,-0.015258791856467724,0.0002387110871495679
1699223271.1095912,0.007629396393895149,0.0,0.007629396393895149,0.0027587725780904293
1699223271.118582,9.313225746154785e-10,0.0,9.313225746154785e-10,0.0016835075803101063
1699223271.127391,0.015258787665516138,0.0,0.015258787665516138,0.002091187983751297
1699223271.13649,-0.00762939453125,0.0,-0.00762939453125,0.0020643407478928566
1699223271.1455271,0.0,0.0,0.0,0.0006858098786324263
1699223271.153958,0.0,0.0,0.0,0.0003319501120131463
1699223271.163167,0.01525879092514515,0.0,0.01525879092514515,0.0019886260852217674
1699223271.1734421,-0.01525879092514515,0.0,-0.01525879092514515,0.0007383291376754642
1699223271.182903,0.0228881873190403,0.0,0.0228881873190403,0.0040536243468523026
1699223271.191346,-0.03814697591587901,0.0,-0.03814697591587901,0.00010489555279491469
1699223271.200407,0.00762939453125,0.0,0.00762939453125,0.003681601956486702
1699223271.208992,-0.015258789993822575,0.0,-0.015258789993822575,0.0005245626089163125
1699223271.217606,0.03051758138462901,0.0,0.03051758138462901,0.004377579782158136
1699223271.2258482,0.007629394996911287,0.0,0.007629394996911287,0.0012042970629408956
1699223271.234609,-0.022888184990733862,0.0,-0.022888184990733862,0.0011551863281056285
1699223271.243411,0.02288818545639515,0.0,0.02288818545639515,0.0009328876039944589
1699223271.2524922,-0.0381469763815403,0.0,-0.0381469763815403,-6.8124759309284855e-06
1699223271.260979,0.04577637417241931,0.0,0.04577637417241931,0.004609520081430674
1699223271.2702522,-0.03814697824418545,0.0,-0.03814697824418545,-1.214863732457161e-05
1699223271.278984,0.06103516323491931,0.0,0.06103516323491931,0.005212080664932728
1699223271.2843242,0.015258789993822575,0.0,0.015258789993822575,0.0006018398562446237
1699223271.29302,-0.01525879092514515,0.0,-0.01525879092514515,0.00027847476303577423
1699223271.298236,0.0610351637005806,0.0,0.0610351637005806,0.00463508814573288
1699223271.307109,-0.0228881873190403,0.0,-0.0228881873190403,0.0005486021400429308
1699223271.315484,0.02288818545639515,0.0,0.02288818545639515,0.0035987836308777332
1699223271.3239293,0.007629397790879011,0.0,0.007629397790879011,0.0005846006679348648
1699223271.33326,-0.0228881873190403,0.0,-0.0228881873190403,0.0007887246320024133
1699223271.341607,0.03051758138462901,0.0,0.03051758138462901,0.004338125232607126
1699223271.350527,-0.02288818545639515,0.0,-0.02288818545639515,0.0003726228605955839
1699223271.358963,0.022888185922056437,0.0,0.022888185922056437,0.0025838972069323063
1699223271.3675673,-0.02288818545639515,0.0,-0.02288818545639515,0.0009670223225839436
1699223271.376102,-0.01525879092514515,0.0,-0.01525879092514515,6.611084972973913e-05
1699223271.384951,0.0457763709127903,0.0,0.0457763709127903,0.007184112910181284
1699223271.393617,-0.0381469763815403,0.0,-0.0381469763815403,-0.000178113259607926
1699223271.402955,0.0534057691693306,0.0,0.0534057691693306,0.004168505780398846
1699223271.4119823,-0.007629395928233862,0.0,-0.007629395928233862,0.00037110171979293227
1699223271.4205692,0.0,0.0,0.0,0.002370303263887763
1699223271.4290802,-0.007629394996911287,0.0,-0.007629394996911287,0.0006762010743841529
1699223271.438476,-0.007629394996911287,0.0,-0.007629394996911287,0.001059634261764586
1699223271.447818,0.01525879092514515,0.0,0.01525879092514515,0.0009569157264195383
1699223271.456449,-0.007629394996911287,0.0,-0.007629394996911287,0.0006010123179294169
1699223271.4649522,-0.015258787665516138,0.0,-0.015258787665516138,0.0016189877642318606
1699223271.473457,0.02288818545639515,0.0,0.02288818545639515,0.003497229889035225
1699223271.482076,0.007629397790879011,0.0,0.007629397790879011,0.0004036102909594774
1699223271.490972,-0.015258791856467724,0.0,-0.015258791856467724,0.0011315584415569901
1699223271.500363,0.02288818545639515,0.0,0.02288818545639515,0.0016578984213992953
1699223271.5088232,-0.02288818545639515,0.0,-0.02288818545639515,7.297385309357196e-05
1699223271.5179462,0.01525879092514515,0.0,0.01525879092514515,0.0024669012054800987
1699223271.5261033,-0.007629394996911287,0.0,-0.007629394996911287,0.00066149584017694
1699223271.535094,-0.015258789993822575,0.0,-0.015258789993822575,0.0007983605028130114
1699223271.5435781,0.01525879092514515,0.0,0.01525879092514515,0.0015913156094029546
1699223271.548615,-0.015258789993822575,0.0,-0.015258789993822575,0.00042118143755942583
1699223271.557347,-0.015258789993822575,0.0,-0.015258789993822575,0.00047580472892150283
1699223271.565969,0.0457763709127903,0.0,0.0457763709127903,0.004590913187712431
1699223271.5745182,-0.022888185922056437,0.0,-0.022888185922056437,0.0008365953108295798
1699223271.5831902,0.02288818545639515,0.0,0.02288818545639515,0.003896965179592371
1699223271.592118,0.015258789993822575,0.0,0.015258789993822575,0.0009976350702345371
1699223271.6005862,-0.022888184990733862,0.0,-0.022888184990733862,0.00013839613529853523
1699223271.608955,0.02288818545639515,0.0,0.02288818545639515,0.0026166189927607775
1699223271.617803,-0.02288818545639515,0.0,-0.02288818545639515,0.001019655610434711
1699223271.6264532,0.0,0.0,0.0,0.0011174249229952693
1699223271.6353362,0.01525879092514515,0.0,0.01525879092514515,0.0008433694019913673
1699223271.6443532,-0.030517582781612873,0.0,-0.030517582781612873,-5.529834197659511e-06
1699223271.652939,0.03051757998764515,0.0,0.03051757998764515,0.005805508233606815
1699223271.661442,-0.030517580453306437,0.0,-0.030517580453306437,-7.390851533273235e-05
1699223271.6697972,0.02288818545639515,0.0,0.02288818545639515,0.0007689997437410057
1699223271.6785543,-0.00762939453125,0.0,-0.00762939453125,0.0018283497774973512
1699223271.6871011,0.0,0.0,0.0,0.0011029808083549142
1699223271.695831,-0.007629394996911287,0.0,-0.007629394996911287,0.0015604300424456596
1699223271.704317,-0.01525879092514515,0.0,-0.01525879092514515,0.0009087235084734857
1699223271.7125971,0.007629395928233862,0.0,0.007629395928233862,0.0015762685798108578
1699223271.721322,0.007629395928233862,0.0,0.007629395928233862,0.0013189195888116956
1699223271.7298481,0.0,0.0,0.0,-0.00018335691129323095
1699223271.738493,0.0,0.0,0.0,0.0018703972455114126
1699223271.747776,0.0,0.0,0.0,0.0010825272183865309
1699223271.7561262,0.015258790459483862,0.0,0.015258790459483862,0.0023282477632164955
1699223271.7648883,-0.015258789528161287,0.0,-0.015258789528161287,0.0005193308461457491
1699223271.7733142,0.0,0.0,0.0,0.0007378737209364772
1699223271.782068,0.0,0.0,0.0,0.0028584874235093594
1699223271.7910542,0.0,0.0,0.0,0.0003895298286806792
1699223271.799954,0.007629397790879011,0.0,0.007629397790879011,0.0017560254782438278
1699223271.808574,-0.0305175818502903,0.0,-0.0305175818502903,0.0008922898559831083
1699223271.8168,0.0381469763815403,0.0,0.0381469763815403,0.006075420416891575
1699223271.8250701,-0.02288818359375,0.0,-0.02288818359375,0.001271644956432283
1699223271.833587,0.030517578125,0.0,0.030517578125,0.006587335839867592
1699223271.842343,-0.015258787665516138,0.0,-0.015258787665516138,0.0010941505897790194
1699223271.850969,-0.007629395928233862,0.0,-0.007629395928233862,0.0011869496665894985
1699223271.859334,0.01525879092514515,0.0,0.01525879092514515,0.0023424995597451925
1699223271.8675401,-0.03051757998764515,0.0,-0.03051757998764515,0.00024262590159196407
1699223271.8761003,0.03814697498455644,0.0,0.03814697498455644,0.0035807613749057055
1699223271.885235,-0.022888184990733862,0.0,-0.022888184990733862,0.0003824680461548269
1699223271.893958,0.0,0.0,0.0,0.001394155202433467
1699223271.9027882,0.022888185922056437,0.0,0.022888185922056437,0.0008447897271253169
1699223271.911334,-0.015258789993822575,0.0,-0.015258789993822575,0.000496450113132596
1699223271.9204402,0.02288818545639515,0.0,0.02288818545639515,0.0038865888491272926
1699223271.929079,-0.03051758138462901,0.0,-0.03051758138462901,0.0007620897958986461
1699223271.938024,0.0228881873190403,0.0,0.0228881873190403,0.0023184996098279953
1699223271.946819,-0.01525879092514515,0.0,-0.01525879092514515,0.00036410405300557613
1699223271.955969,0.02288818545639515,0.0,0.02288818545639515,0.0022748098708689213
1699223271.965331,0.015258789528161287,0.0,0.015258789528161287,0.00239957426674664
1699223271.9738922,-0.015258789528161287,0.0,-0.015258789528161287,0.0018883721204474568
1699223271.984589,-0.03051757998764515,0.0,-0.03051757998764515,0.0004064637760166079
1699223271.9941792,0.02288818545639515,0.0,0.02288818545639515,0.003122375812381506
1699223271.999829,-0.015258791856467724,0.0,-0.015258791856467724,2.1536277472478105e-06
1699223272.008988,0.022888187784701586,0.0,0.022888187784701586,0.0009447362972423434
1699223272.0172951,-0.007629394996911287,0.0,-0.007629394996911287,0.0005935867666266859
1699223272.0259123,0.007629394996911287,0.0,0.007629394996911287,0.0009667135309427977
1699223272.0344691,-0.007629394996911287,0.0,-0.007629394996911287,0.0003172013093717396
1699223272.043167,0.02288818545639515,0.0,0.02288818545639515,0.002887260401621461
1699223272.0515673,-0.02288818685337901,0.0,-0.02288818685337901,-2.4175833459594287e-05
1699223272.0600982,0.03051758324727416,0.0,0.03051758324727416,0.0024761634413152933
1699223272.0685701,-0.02288818545639515,0.0,-0.02288818545639515,3.5308123187860474e-05
1699223272.076589,0.007629394065588713,0.0,0.007629394065588713,5.2074457926210016e-05
1699223272.0853221,0.007629396393895149,0.0,0.007629396393895149,0.0037941152695566416
1699223272.094443,-0.01525879092514515,0.0,-0.01525879092514515,0.0001541406672913581
1699223272.103328,0.03051758138462901,0.0,0.03051758138462901,0.0027238770853728056
1699223272.1124291,-0.022888184990733862,0.0,-0.022888184990733862,0.00031283285352401435
1699223272.120928,0.03051758138462901,0.0,0.03051758138462901,0.003185811685398221
1699223272.129436,-0.007629395462572575,0.0,-0.007629395462572575,0.0016205618157982826
1699223272.1384652,-0.007629395462572575,0.0,-0.007629395462572575,0.0020548917818814516
1699223272.147526,-0.007629394996911287,0.0,-0.007629394996911287,0.0005110533093102276
1699223272.155929,0.015258789993822575,0.0,0.015258789993822575,0.0013301431899890304
1699223272.164542,-0.02288818545639515,0.0,-0.02288818545639515,0.0012852184008806944
1699223272.17353,0.015258789993822575,0.0,0.015258789993822575,0.0014384951209649444
1699223272.1823173,0.007629394065588713,0.0,0.007629394065588713,0.002654612297192216
1699223272.190591,-9.313225746154785e-10,0.0,-9.313225746154785e-10,0.0013376094866544008
1699223272.1994462,-0.007629394996911287,0.0,-0.007629394996911287,0.0007771301316097379
1699223272.20811,-0.022888184990733862,0.0,-0.022888184990733862,0.00041292066453024745
1699223272.2165341,-0.007629394996911287,0.0,-0.007629394996911287,0.0010934204328805208
1699223272.2252953,0.0,0.0,0.0,0.0004738477582577616
1699223272.2338603,0.015258790459483862,0.0,0.015258790459483862,0.0007683621370233595
1699223272.2425752,-0.01525879092514515,0.0,-0.01525879092514515,0.0006808791658841074
1699223272.251537,0.0,0.0,0.0,0.0007334291003644466
1699223272.260297,-0.015258789993822575,0.0,-0.015258789993822575,0.0005803919048048556
1699223272.268998,0.0,0.0,0.0,0.002982543082907796
1699223272.27742,0.015258789528161287,0.0,0.015258789528161287,0.0018060182919725776
1699223272.286613,0.007629395928233862,0.0,0.007629395928233862,0.002140921074897051
1699223272.295185,-0.01525879092514515,0.0,-0.01525879092514515,0.0015988106606528163
1699223272.3038952,0.015258789993822575,0.0,0.015258789993822575,0.0009277784265577793
1699223272.312447,-0.02288818871602416,0.0,-0.02288818871602416,2.49282420554664e-05
1699223272.321331,0.03814697591587901,0.0,0.03814697591587901,0.004242147784680128
1699223272.3297791,-0.0457763709127903,0.0,-0.0457763709127903,4.2593343096086755e-05
1699223272.338815,0.0381469763815403,0.0,0.0381469763815403,0.0028318949043750763
1699223272.3479352,-0.03051758138462901,0.0,-0.03051758138462901,0.00045898882672190666
1699223272.356419,0.007629394996911287,0.0,0.007629394996911287,0.0012899765279144049
1699223272.364923,0.022888184990733862,0.0,0.022888184990733862,0.00153482670430094
1699223272.373053,-0.030517580918967724,0.0,-0.030517580918967724,5.77221107960213e-05
1699223272.381462,0.022888185922056437,0.0,0.022888185922056437,0.0016878618625923991
1699223272.390173,-0.015258790459483862,0.0,-0.015258790459483862,0.0016221067635342479
1699223272.399167,0.02288818359375,0.0,0.02288818359375,0.005587689578533173
1699223272.407937,0.007629397790879011,0.0,0.007629397790879011,0.0010913432342931628
1699223272.4164162,0.0,0.0,0.0,0.0005855641211383045
1699223272.425128,0.015258789993822575,0.0,0.015258789993822575,0.0021611982956528664
1699223272.4339871,-0.03051758138462901,0.0,-0.03051758138462901,-8.196481212507933e-05
1699223272.4433322,0.007629394996911287,0.0,0.007629394996911287,0.001307199476286769
1699223272.45196,0.015258789993822575,0.0,0.015258789993822575,0.0019307465991005301
1699223272.460774,-0.02288818545639515,0.0,-0.02288818545639515,0.00016453441639896482
1699223272.4694412,0.007629394996911287,0.0,0.007629394996911287,0.001554574235342443
1699223272.4780421,-0.007629395928233862,0.0,-0.007629395928233862,0.00010086369729833677
1699223272.486835,0.02288818545639515,0.0,0.02288818545639515,0.0028720523696392775
1699223272.4955971,-0.02288818545639515,0.0,-0.02288818545639515,0.0009116544970311224
1699223272.504318,0.01525879092514515,0.0,0.01525879092514515,0.0026506148278713226
1699223272.5127702,0.0,0.0,0.0,0.000761423900257796
1699223272.5209172,-0.01525879092514515,0.0,-0.01525879092514515,0.0006604184163734317
1699223272.529581,0.03051758138462901,0.0,0.03051758138462901,0.0021608329843729734
1699223272.5388842,-0.030517580453306437,0.0,-0.030517580453306437,0.00021659581398125738
1699223272.5479083,0.015258790459483862,0.0,0.015258790459483862,0.002744615077972412
1699223272.5564392,0.0,0.0,0.0,0.0017086006700992584
1699223272.565054,-0.015258789993822575,0.0,-0.015258789993822575,2.4388107703998685e-05
1699223272.573882,0.022888185922056437,0.0,0.022888185922056437,0.001844161655753851
1699223272.582557,-0.02288818545639515,0.0,-0.02288818545639515,0.0008065069559961557
1699223272.591412,0.03051758138462901,0.0,0.03051758138462901,0.0031617695931345224
1699223272.600502,-0.015258787665516138,0.0,-0.015258787665516138,0.0017295267898589373
1699223272.6093051,0.00762939453125,0.0,0.00762939453125,0.0028877691365778446
1699223272.6183271,0.01525879092514515,0.0,0.01525879092514515,0.0015458420384675264
1699223272.6271262,-0.0305175818502903,0.0,-0.0305175818502903,0.00021015762467868626
1699223272.6321762,0.0610351637005806,0.0,0.0610351637005806,0.004444272723048925
1699223272.641031,-0.0457763709127903,0.0,-0.0457763709127903,0.0001517177588539198
1699223272.6498172,0.0305175818502903,0.0,0.0305175818502903,0.004985841456800699
1699223272.6588702,-0.0381469763815403,0.0,-0.0381469763815403,8.534397238690872e-06
1699223272.6672792,0.01525879092514515,0.0,0.01525879092514515,0.0005737412720918655
1699223272.6755662,-0.02288818173110485,0.0,-0.02288818173110485,0.0029311543330550194
1699223272.684052,0.015258791390806437,0.0,0.015258791390806437,0.0030623464845120907
1699223272.693092,-0.00762939453125,0.0,-0.00762939453125,0.002634872682392597
1699223272.701776,-0.02288818545639515,0.0,-0.02288818545639515,0.0008597295382060111
1699223272.7100313,0.02288818545639515,0.0,0.02288818545639515,0.00334054883569479
1699223272.7184122,-0.02288818545639515,0.0,-0.02288818545639515,-1.2570343642437365e-05
1699223272.7268991,0.0,0.0,0.0,0.0011909155873581767
1699223272.735547,0.0,0.0,0.0,0.0023456194903701544
1699223272.744565,0.015258789528161287,0.0,0.015258789528161287,0.0014496195362880826
1699223272.753046,0.007629397790879011,0.0,0.007629397790879011,0.002786127617582679
1699223272.761414,-0.0228881873190403,0.0,-0.0228881873190403,0.0012856298126280308
1699223272.7697742,0.0228881873190403,0.0,0.0228881873190403,0.004444096237421036
1699223272.7785842,-0.0305175818502903,0.0,-0.0305175818502903,0.00017403086530975997
1699223272.78817,0.0381469763815403,0.0,0.0381469763815403,0.004612727556377649
1699223272.7977831,-0.01525879092514515,0.0,-0.01525879092514515,0.0006889470969326794
1699223272.8058982,0.03814697591587901,0.0,0.03814697591587901,0.0028298036195337772
1699223272.8143651,-0.030517580918967724,0.0,-0.030517580918967724,7.865234510973096e-05
1699223272.822783,0.015258791390806437,0.0,0.015258791390806437,0.0028228021692484617
1699223272.831184,-0.02288818545639515,0.0,-0.02288818545639515,0.001024094526655972
1699223272.839815,0.0,0.0,0.0,0.0008394719916395843
1699223272.848809,0.02288818545639515,0.0,0.02288818545639515,0.0012396227102726698
1699223272.8572843,-0.0381469763815403,0.0,-0.0381469763815403,7.713247032370418e-05
1699223272.8660192,0.03051758138462901,0.0,0.03051758138462901,0.0031192500609904528
1699223272.87491,-0.03051758324727416,0.0,-0.03051758324727416,-8.394440374104306e-05
1699223272.8841681,0.030517582781612873,0.0,0.030517582781612873,0.0027060476131737232
1699223272.8934371,-0.01525879092514515,0.0,-0.01525879092514515,0.001105023082345724
1699223272.898441,-0.015258789993822575,0.0,-0.015258789993822575,-0.00012328992306720465
1699223272.9068842,0.030517580918967724,0.0,0.030517580918967724,0.003121184417977929
1699223272.9153821,-0.030517582315951586,0.0,-0.030517582315951586,9.504711488261819e-05
1699223272.9235451,0.0381469763815403,0.0,0.0381469763815403,0.004065535496920347
1699223272.932044,-0.01525879092514515,0.0,-0.01525879092514515,0.0006758057861588895
1699223272.9414663,0.0,0.0,0.0,0.0010558442445471883
1699223272.950411,0.01525879092514515,0.0,0.01525879092514515,0.002613354939967394
1699223272.9590542,-0.022888187784701586,0.0,-0.022888187784701586,9.005303581943735e-05
1699223272.9682891,0.03814697777852416,0.0,0.03814697777852416,0.004257807042449713
1699223272.9769223,-0.007629394996911287,0.0,-0.007629394996911287,0.0005168226780369878
1699223272.98656,0.015258789993822575,0.0,0.015258789993822575,0.0010792878456413746
1699223272.9918182,0.030517585575580597,0.0,0.030517585575580597,0.0020160924177616835
1699223273.000961,-0.007629395928233862,0.0,-0.007629395928233862,9.428510384168476e-05
1699223273.0068371,-0.015258791856467724,0.0,-0.015258791856467724,0.0013828013325110078
1699223273.0124571,0.030517585575580597,0.0,0.030517585575580597,0.0024094623513519764
1699223273.0176473,0.0,0.0,0.0,0.00010280454444000497
1699223273.026035,-0.02288818545639515,0.0,-0.02288818545639515,0.0002023943088715896
1699223273.034983,0.0381469763815403,0.0,0.0381469763815403,0.003477842314168811
1699223273.0437772,-0.03814697591587901,0.0,-0.03814697591587901,0.00014204351464286447
1699223273.05234,0.022888186387717724,0.0,0.022888186387717724,0.004338898230344057
